Subgraph	Number of topologies presenting the subgraph	Percentage	Robustness
1	92	12.89%	0.194152
2	163	22.83%	0.213524
3	112	15.69%	0.192383
4	258	36.13%	0.219372
5	215	30.11%	0.192022
6	78	10.92%	0.199449
7	446	62.46%	0.246736
8	144	20.17%	0.190835
9	38	5.32%	0.205992
10	48	6.72%	0.170677
11	37	5.18%	0.195041
12	12	1.68%	0.192803
13	148	20.73%	0.242605
14	80	11.20%	0.259262
15	8	1.12%	0.152967
16	247	34.59%	0.194245
17	505	70.73%	0.206107
18	237	33.19%	0.234783
19	55	7.70%	0.200823
